Establishment,Establishment Address Street,Establishment Address City,Establishment Address Postal Code
Lakewood Inn (193152),365 S CARIBOO HWY,100 MILE HOUSE,V0K2E0
108 Mile Supermarket,4944 ESZEE DRIVE,108 MILE RANCH,V0K2Z0
Marshalls 150 Mile Store,3036 Highway 97 S,150 mile house,V0K2G0
70 Mile General Store,1556 Hwy 97N,70 Mile House,V0K2K0
Blue Ridge Liquor Store (195145),101&104 - 3680 Townline Road,ABBOTSFORD,V2T5W6
Angry Otter Liquor Store (192071),2520 Montvue Ave,ABBOTSFORD,V2S3T9
Angry Otter Liquor,32470 SIMON AVE,ABBOTSFORD,V2T4S2
Liquor For Less.com Five Corners,120-2525 McCallum Road,ABBOTSFORD,V2S3R1
Fraser Valley Inn (194457),33790 Essendene Ave,ABBOTSFORD,V2S2H2
Clayburn Liquor Store (191016),150-3033 Immel Street,ABBOTSFORD,V2S6S2
Liquor Giant (195090),32131 Marshall Road,ABBOTSFORD,V2T1A3
Sevenoaks Liquor Store (195421),401A 32900 South Fraser Way,ABBOTSFORD,V2S5A1
Station Liquor Store (195157),28060 Fraser Hwy,ABBOTSFORD,V4X1K7
Liquor Store  (195178),135-2362 Whatcom Road,ABBOTSFORD,V3G0C1
Liquor For Less . com (195451),1 - 34252 Marshall Road,ABBOTSFORD,V2S1L9
Angry Otter Liquor @ Whatcom (195352),100 - 1900 North Parallel Road,ABBOTSFORD,V3G2C6
Mt. Lehman Liquor Store by Liquor for less.com (195258),M115 - 3122 Mt. Lehman Road,ABBOTSFORD,V2T0C5
Liquor for Less.com-Ellwood  (195414),#1-31205 Maclure Road,ABBOTSFORD,V2T5E5
Angry Otter Liquor Store (195280),30  31940 South Fraser Way,ABBOTSFORD,V2T1V6
Angry Otter Liquor @ Sumas (195422),101-1201 Sumas Way,ABBOTSFORD,V2S8H2
College Park Liquor Store (195281),104 1520 McCallum Road,ABBOTSFORD,V2S8A3
Liquor for Less.com - Glenn Mountain  (195398),102-2618 McMillan Road,ABBOTSFORD,V3G1C4
Everything Wine (302897),125 - 1828 McCallum Road,ABBOTSFORD,V2S0H9
Wines of British Columbia - Whatcom,2388 Whatcom Road,ABBOTSFORD,V3G0C1
Wines of British Columbia - Clearbrook,300 - 32700 South Fraser Way,ABBOTSFORD,V2T4M5
Hot Springs Liquor Store (192709),2406 Hot Springs Rd,AGASSIZ,V0M1A0
Agassiz Liquor Store (195347),1810 #9 Highway,AGASSIZ,V0M1A0
Fox Liquor Store (192451),26444 32 Ave,ALDERGROVE,V4W3E8
Alder Liquor Store LRS #192469 (192469),27094 Fraser Hwy.,ALDERGROVE,V4W3P6
Angry Otter Liquor @ 248th  (192899),3650 248th Street,ALDERGROVE,V4W1Y8
Partytime Liquor Stores (Alert Bay) (195206),81 Fir Street,ALERT BAY,V0N1A0
Alexis Creek Store,7664 Chicotin HWY20,ALEXIS CREEK,V0L1A0
McLean Trading,6638 Christensen Rd,Anahim Lake,V0L1C0
Anahim Lake Trading,6621 Christensen Rd BOX 3340,Anahim Lake,V0L1C0
ANGLEMONT MARINA,2559 Marina RD,Anglemont,V0E1M8
Stag's Head Liquor Store,3400 Smith Dr,ARMSTRONG,V0E1B1
Old Ranch Liquor Store  (195374),2570 Pleasant Valley Blvd,ARMSTRONG,V0E1B2
The Roadhouse General Store & Cafe,4406 Widmark Subdivision,Arras,V0C1B0
Atlin Trading Post,90 Discover Ave,Atlin,V0W1A0
Avola Service,3838 Avola East Frontage Road,Avola,V0E1C0
Sylvia's Cafe & General Store,5610 Nazko Rd,Baker Creek,V2J3H9
Balfour Superette,7824 BC-3A,Balfour,V0G1C0
West Bamfield Mercantile and Marine,81 Boardwalk,Bamfield,V0R1B0
The Market,242 Frigate Road,Bamfield,V0R1B0
Baynes Lake General Store,3680 Sweet Road,Baynes Lake,V0B1T4
Callaghan Express,328 Grizzly Avenue,Bear Lake,V0J3G0
One Stop Beaverdell General,5833 Kelowna-Rock Creek Hwy,BEAVERDELL,V0H1A0
Waglisla Band Store,71 Waglisla Street,Bella Bella,V0T1Z0
Big Lake  General Store,4213 Likely  Rd,Big Lake,V0L1G0
Big White Beer and Wine (195452),108 5375 Big White Road,BIG WHITE,V1P1P3
Big White Mountain Mart,5375 Big White Road,Big White,V1P1P3
Dee's General Store,1537 Lost Creek Road,"Birch Island, BC",V0E1N1
Black Creek General Store,1 - 8268 Island Hwy N,Black Creek,V9J1H6
Blind Bay Country Market & Liquor,2411 Golf Course Drive,Blind Bay,V0E1H2
Blind Bay Village Grocer Ltd,2798 BALMORAL RD,BLIND BAY,V0E1H1
Blind Channel Resort,1 Waterfront,Blind Channel,V0P1B0
Tilted Bear Liquor,848 Cedar St.,Blue River,V0E1J0
Fraser Canyon Market,48045 Trans Canada Hwy,Boston Bar,V0K1C0
Fetch Panda,PO Box 370 48100 Trans Canada Hwy,Boston Bar,V0K1C0
Bowen Beer & Wine Cellar (195215),102 - 996 Dorman Road,BOWEN ISLAND,V0N1G0
Snug Cove General Store,471 TRUNK RD,Bowen Island,V0N1G0
Georgia Park Store Ltd.,6871 West Island Highway,Bowser,V0R1G0
The Liquor Co. 1977 (195264),7180 West Saanich Road,BRENTWOOD BAY,V8M1P6
Bridge Lake General Store,7561 Bridge Lake Business Route,Bridge Lake,V0K1E0
Downtown Brisco Trading Post,2854 Highway 95,Brisco,V0A1B0
Britannia Beach General Store,Unit 101-102 Prospector Way,Britannia Beach,V8B1E7
Angry Otter Liquor,4125 Hastings St,BURNABY,V5C2J5
Kings Liquor Store (193020),5820 Marine Dr,BURNABY,V5J3G8
OLIVER TWIST PUB (193475),7557 Edmonds St,BURNABY,V3N1B5
Hop & Vine Neighbourhood Pub & Beer Store (191495),9 1601 Burnwood Dr,BURNABY,V5A4H1
JAK's Beer Wine Spirits (193079),5665 KINGSWAY,BURNABY,V5H2G4
Drinks 4 Less,109 - 1899 Rosser Ave,BURNABY,V5C3Z1
C W Liquor Store  (195151),5097 Canada Way,BURNABY,V5E3N1
Angry Otter Liquor (Burnaby),18 - 5901 Broadway Street,BURNABY,V5B2Y1
West Coast Liquor Company (195419),7651 Royal Oak Avenue,BURNABY,V5J4K2
Liquor Mart (Burnaby) 195431,7755 6th Street,BURNABY,V3N3M9
Bainbridge Liquor Store (195409),5  7000 Lougheed Highway,BURNABY,V5A1W2
"St. Andrew's Book, Gift & Church Supply",Unit 106 3686 Bonneville Place,BURNABY,V3N4T6
Bold N' Cold Liquor,166 Hwy 16 Unit 101,Burns Lake,V0J1E3
Takysie Lake Resort,37530 Eakin Settlement Rd,Burns Lake,V0J1E4
Oasis Hotel (Cache Creek) (192121),1064 S Trans Canada Hwy,CACHE CREEK,V0K1H0
Ocean Grove Liquor Store (192345),3692 Island Hwy S,CAMPBELL RIVER,V9H1M7
Mid Island Liquor (192477),Unit 203 - 205 801 Hilchey Road,CAMPBELL RIVER,V9W0B8
Big Rock Liquor Store,1054 South Island Highway,Campbell River,V9W1B3
"Duke's Liquor Store, Campbell River",84 Dogwood St,CAMPBELL RIVER,V9W2X7
Haida Inn LRS (194135),1342 Shoppers Row,CAMPBELL RIVER,V9W2E1
Campbell River Lodge (194887),1760 ISLAND HWY,CAMPBELL RIVER,V9W2E7
Best Buy Liquor Store (195110),3930 Island Highway North,CAMPBELL RIVER,V9W4X2
Thrifty Foods Liquor (195306),41040 Gold River Hwy,Campbell River,V9W5C5
Quinsam Liquor Store (195203),125 Brant Dr,CAMPBELL RIVER,V9H1V8
Mid Island Liquor  (195250),1328 Island Highway,CAMPBELL RIVER,V9W8C9
Merecroft Village Liquor Store (195397),A7 465 Merecroft Road,CAMPBELL RIVER,V9W6K6
Oyster River Licensed Liquor Store (195303),2207B Glenmore Rd,CAMPBELL RIVER,V9H1E1
Wines of British Columbia - Campbell River,400 - 1400 Dogwood Street,CAMPBELL RIVER,V9W3A6
Canal Flats Family Pantry,8953 Arbuckle Street,Canal Flats,v0b1b0
Canim Lake General Store,7296 Canim Lake Road South,Canim Lake,V0K1J0
Canoe Village Market,"7390 50 St NE Canoe, BC",Canoe,V0E1K0
Canyon Country Store,4493 Canyon Lister Rd,Canyon,V0B1C0
Uptown Liquor Store (195454),1965 Columbia Ave,Castlegar,V1N2W8
Bubblee's Liquor Store Plus (191081),651-18th St,Castlegar,V1N2N1
Glade General Store,2347 HWY 3A,Castlegar,V1N4P3
433479 B.C. Ltd   DBA Cawston MarketPlace,2111 Main Street,Cawston,V0X1C1
Cecil Lake General Store,4953 CECIL LAKE ROAD,CECIL LAKE,V0C1G0
Fetch Panda,5328 Squilax-Anglemont Highway,Celista,V0E1M6
Charlie Lake General Store,12677 Charlie Lake Frt. Rd.,Charlie Lake,V0C1H0
Adams Lake Store,8774 HOLDING ROAD,CHASE,V0E1M2
Horseshoe Bay Inn (193111),9576 Chemainus Road,CHEMAINUS,V0R1K5
Mid Island Liquor,107E - 3055 Oak Street,CHEMAINUS,V0R1K1
DBA Frank's General Store,1193 HWY 6,CHERRYVILLE,V0E2G1
Canco Gas,187 North Fork Rd,Cherryville,V0E2G3
Murray's Liquor Express (195345),4905 South Access Road,CHETWYND,V0C1J0
Angry Otter Liquor,Unit D 43971 Industrial Way Building,CHILLIWACK,V2R3A4
Liquor Giant,8247 Young Rd,Chilliwack,V2P4N8
Little Mountain Liquor Store (191073),1 - 9701 Menzies Street,CHILLIWACK,V2P5Z6
JOLLY MILLER PUB (191057),5865 VEDDER RD,CHILLIWACK,V2R3N7
The Other Liquor Store (192733),100B/110B - 6640 Vedder Road,CHILLIWACK,V2R0J2
Liquor Store Sardis 191255,45610 Luckacuck Way (Building C),CHILLIWACK,V2R1A2
Greendale Liquor Store  (193202),41582 Yale Road,CHILLIWACK,V2R4J3
Characters Liquor Store Ltd.,8559 YOUNG RD,CHILLIWACK,V2P4P2
Eagle Landing Liquor Store (195096),"Unit F, 418 - 8249 Eagle Landing Parkway",CHILLIWACK,V2R0P9
Corky's Liquor Bin (195150),45844 Yale Road,CHILLIWACK,V2P2N8
Angry Otter Liquor Store (195287),10 45850 Yale Road,CHILLIWACK,V2P2N9
Rosedale Liquor Store  (195377),51273 Yale Road,CHILLIWACK,V0X1X0
Plaza Liquor Store  (195251),46298 Yale Road,CHILLIWACK,V2P2P6
Tyson Rd. Liquor Store  (195387),101 - 5960 Tyson Road,CHILLIWACK,V2R3R5
Promontory Liquor Store (195471),201 - 5615 Teskey Way,CHILLIWACK,V2R0K5
Garrison Wine & Liquor Merchants (195500),5 - 45555 Market Way,CHILLIWACK,V2R0M5
Popkum Liquor Store  (195394),101/102 53003 Bunker Rd,CHILLIWACK,V0X1X0
Petro-Canada Yarrow,42221 Yarrow Central Rd,Chilliwack,V2R5E3
Rainbow Food and Gas,42220 Yarrow Central Road,Chilliwack,V2R5E4
Yarrow Supermarket,"42231 Yarrow Central Rd,",Chilliwack,V2R5E3
Real Canadian Superstore (307725),45779 Luckakuck Way,Chilliwack,V2R4E8
Canco- Christina Lake,1590 Mcgregor Frontage Rd,Christina Lake,V0H1E0
Lakeside General store,1819 Hwy 3,Christina Lake,V0H1E2
Huckleberry Mountain Market,1720 Sandner Frontage Road,Christina Lake,V0H1E3
WELLS GRAY INN (192170),228 East Yellowhead Hiighway,CLEARWATER,V0E1N0
Wines of British Columbia - Cloverdale,17745 64th Avenue,CLOVERDALE,V3S1Z2
Cobble Hill Liquor Plus (195339),49 - 1400 Cowichan Bay Rd,COBBLE HILL,V0R1L0
Cobblestone Inn LRS (195269),3566 Holland Avenue,COBBLE HILL,V0R1L0
Alexander's Pub Liquor Store (195176),12408 Kalamalka Road,COLDSTREAM,V1B1M7
Lavington Superette,6015 BC 6,Coldstream,V1B3C8
Lavington Petro,6320 Hwy 6,Coldstream,V1B2C7
Four Mile Liquor Store (192758),#4- 1905 Sooke Road,COLWOOD,V9B2W3
Cascadia Liquor,104 345D Latoria Boulevard,Colwood,V9C0L7
Cascadia Liquor,Suite 107/108 2244 Sooke Road,COLWOOD,V9B1X1
LEEWARD INN (193343),649 ANDERTON RD,COMOX,V9M2J1
The Griffin Liquor Store (191768),1496 Ryan Road E,COMOX,V9M4C6
Liquor Express (195495),3080 Comox Road,COMOX,V9N3P8
Frontiersman Liquor Store (195100),2484 Alberni Hwy,COOMBS,V0R1M0
The Frog & Nightgown Liquor Store,1125 FALCON DR,COQUITLAM,V3E2G2
COQUITLAM INN AND CONVENTION CENTRE (191917),319 NORTH RD,COQUITLAM,V3K3V8
The Liquor Store Burquitlam,100 - 580 Clarke Road,COQUITLAM,V3J3X4
WOODY'S ON BRUNETTE (192154),935 BRUNETTE ST,COQUITLAM,V3K1C8
Micky's Liquor Store (192618),170 Golden Drive,COQUITLAM,V3K6B5
Executive Plaza Coquitlam (191503),405 North Rd,COQUITLAM,V3K3V9
John B. Pub (192568),1000 Austin Ave,COQUITLAM,V3K3P3
"Jak's Beer, Wine, Spirits  (195106)",785-3025 Lougheed Highway,COQUITLAM,V3B6S2
Johnson Street Liquor Store (195369),390 - 1175 Johnson St,COQUITLAM,V3B7K1
Jak's Westwood (195225),F02/F03 1410 Parkway Boulevard,COQUITLAM,V3E3J7
Austin Station Liquor Store (195200),Unit #11 - 2662 Austin Ave,COQUITLAM,V3K6C4
Angry Otter Liquor Store (195442),"25, D  2773 Barnet Highway",COQUITLAM,V3B1C2
Berezan Liquor Stores,140 Schoolhouse Street,COQUITLAM,V3K6V6
Save on Foods (307333),3025 Lougheed Highway,Coquitlam,V3B6S2
Real Canadian Superstore (307638),1301 Lougheed hwy,Coquitlam,V3K6P9
Squirrel Cove Trading,1611 FORREST RD.,CORTES ISLAND,V0P1T0
WHISTLE STOP (191909),2355 MANSFIELD DR,COURTENAY,V9N2M2
Mt. Washington Hostel (194770),275 8TH ST,COURTENAY,V9N1N4
Voyage Liquor Merchants  (193236),1599 Cliffe Avenue,COURTENAY,V9N2K4
Mex Pub (193699),1003 Ryan Road,COURTENAY,V9N3R6
Cascadia Liquor,101 - 444 Lerwick Rd,COURTENAY,V9M4C4
Mid Island Liquor,2751 Cliffe Avenue,COURTENAY,V9M1P8
Pier 66 Market and Liquor Store,1745 Cowichan Bay Road,Cowichan Bay,V0R1N0
Cranbrook Street Liquor Store,21 Cranbrook Street North,CRANBROOK,V1C3P7
King Edward Hotel (Cranbrook) (191461),22 - 7TH Ave South,CRANBROOK,V1C2J1
Great Canadian Liquor Warehouse (195275),2100 E/F WIllowbrook Drive,CRANBROOK,V1C7H2
Gold Creek Country Store,2455 - 30TH AVE S.,Cranbrook,V1C2H5
Crawford Bay Store,16050 Hwy 3A,Crawford Bay,V0B1E0
Maple Leaf Store,1303 Highway 6,Crescent Valley,V0G1H0
Creston Liquor Store (195025),1507 Canyon Street,CRESTON,V0B1G0
Crofton Liquor Store (195309),1534 Joan Ave,CROFTON,V0R1R0
Crofton Foods,8132 York Avenue,Crofton,V0R1R0
Cultus Lake Beer & Wine Store,3696 COLUMBIA VALLEY HWY,CULTUS LAKE,V2R5H6
Dwain's Liquor Store (195393),2692 Dunsmuir Ave,CUMBERLAND,V0R1S0
Bear Mountain Liquor (192055),12121 8th St,DAWSON CREEK,V1G4G7
On The Rocks Liquor Store,10100 8th Street,DAWSON CREEK,V1G3P7
George Dawson Liquor Store  (195417),Unit 2 11000 8th Street,DAWSON CREEK,V1G4K6
DAWSONS LANDING GENERAL STORE LTD,GENERAL DELIVERY,DAWSONS LANDING,V0N1M0
Dease Lake Super A,100 Boulder St,Dease Lake,V0C1L0
Tidewaters Liquor Store (191941),10190 River Road,DELTA,V4C2R3
Viti Nordel Liquor Store (195140),8310 112th Street,DELTA,V4C7A2
Sunshine Hills Liquor Store (191230),6439  120TH St,DELTA,V4E2A7
SUNDANCE INN (193186),6574 LADNER TRUNK RD,DELTA,V4K3N3
One 20 Licensed Liquor Store (192691),8037 120th St,DELTA,V4C6P7
Liquor Store (Delta) (193137),6955 120th Street,DELTA,V4E2A8
The Landing Pub & Liquor Store (191131),5449 48TH AVE,DELTA,V4K1W6
Liquor Discounter (Scott Road) (195270),8473 120th Street,DELTA,V4C6R2
"Kennedy's Liquor, Beer & Wine Store (195385)",8899 120th Street,DELTA,V4C6R6
Sunstone Liquor Store (195174),10757 Delsom Cresent,Delta,V4C0A8
Speed's Liquor Store (195320),Unit 114 - 4857 Elliott Street,DELTA,V4K2X7
Liquor Quicker (195190),E - 1215  56th St,DELTA,V4L2A6
Scott 72 Liquor Store (195501),7229  120th St,DELTA,V4C6P5
Wines of British Columbia  (302885),1143 - 56th Street,DELTA,V4L2A2
Denman Island General Store and Post Office,1069 Northwest Road,Denman Island,V0R1T0
Shearwater Resort LLP,#1 Shearwater Road,Denny Island,V0T1B0
CANCO111-DEROCHE,41699 Lougheed Hwy,Deroche,V0M1G0
Deroche General Store,41679 Lougheed Hwy,Deroche,V0M1G0
Destiny Bay Grocers,11942 3A HWY,Destiny Bay,V0B1A3
Historic Dewdney Pub (192816),8793 River Road South,DEWDNEY,V0M1H0
Mid Island Liquor (193335),106-3330 Cowichan Lake Road,DUNCAN,V9L4C3
Duncan Liquor Plus (192303),127 Trans Canada Hwy,DUNCAN,V9L3P8
Commons Liquor & More (192311),2900 Drinkwater Road,DUNCAN,V9L6C6
Mid Island Liquor  (193913),F- 5777 Trans Canada Hwy,DUNCAN,V9L3R8
Best Buy Liquor Store (194861),Unit A - 4485 Trans Canada Highway,Duncan,V9L6L8
Beverly Corners Liquor Store (195428),2755 Beverly Street,DUNCAN,V9L6X2
Eagle Bay Mercantile Inc. ,4562 Eagle Bay Road,EAGLE BAY,V0E1T0
Eastgate Service & General Store,5061 Hwy #3 ,East Gate,V0X1R0
Pip's Country Store,4806 Selkirk Ave,Edgewater,V0A1E0
Edgewood General Store,217 Lakeshore Avenue,Edgewood,V0G1J0
Bathgate Store & Marina,6781 Bathgate Rd,Egmont,V0N1N0
Elkford Motor Inn Liquor Store (195296),808 MICHEL RD,ELKFORD,V0B1H0
South Country Service/ Canco,5385 Hwy 3,Elko,V0B1T3
FORTUNE LANDING MOTOR INN (192642),1510 GEORGE STREET,ENDERBY,V0E1V0
Enderby Inn Liquor Store (195187),900 George Street,ENDERBY,V0E1V0
Ashton Creek General Store,895 Enderby Mabel Lake Rd,Enderby,V0E1V4
Mabel Lake Resort & Marina,3514 Mabel Lake Road,Enderby,V0E1V5
Hi-way Cabins,3705 Highway 3,Erickson,V0B1K0
The Downtown Errington Store,1544 Grafton Ave,Errington,V0R1V0
Liquor Store (Esquimalt) (191511),533 Admirals Road,ESQUIMALT,V9A2N5
Cask & Keg (195481),856 Esquimalt Road,ESQUIMALT,V9A3M4
The Liquor Co. 1977 (Esquimalt),#12 - 1153 Esquimalt Road,ESQUIMALT,V9A3N7
Fairmont Mountainside Market,8 - 4992 Frontage Rd,Fairmont Hot Springs,V0B1L2
Falkland General Store,5744 Hwy 97,Falkland,V0E1W0
Buckley Bay Gas 'N' Go Ltd,6856 South Island Highway,Fanny Bay,V0R1W0
PARK PLACE LODGE (191149),741 HWY 3,FERNIE,V0B1M0
Fernie Mountain Spirits (195323),1641  7th Ave,FERNIE,V0B1M3
The Tipple Cold Beer & Fine Wines (195420),792 - 2nd Avenue,FERNIE,V0B1M0
Mountain Pantry,5339 Fernie Ski Hill Road,Fernie,V0B1M6
R. & B. ' S Uptown Eatery,318 Stephen Ave,Field,V0A1G0
Forest Grove General Store,4525 Canim Hendrix Lake Road,Forest Grove,V0K1M0
Woodlands Inn Liquor Store (195181),3995 50th Avenue South,FORT NELSON,V0C1R0
Hops Cold Beer and Wine (192030),7- 470 Stuart Dr W,Fort St. James,V0J1P0
Suspenders General Store,4131 Sowchea Road,Fort St. James,V0J1P0
Econo Lodge (192378),10419 Alaska Road,Fort St. John,V1J1B1
On the Rocks Liquor Store (192329),8540 Alaska Rd,Fort St. John,V1J5L6
On the Rocks Liquor Store (195410),9924 110 Ave,FORT ST. JOHN,V1J2T1
On The Rocks Liquor Store,9803 93rd Ave,Fort St. John,V1J3X3
On the Rocks Liquor Store (195114),101 - 9104 100th Avenue,Fort St. John,V1J1X4
Casey's Liquor Store (195396),8155 - 100th Avenue,Fort St. John,V1J1W4
110th Street Liquor Store (195226),11004/11008 100 Ave,Fort St. John,V1J4M7
Village Liquor Store (195325),Unit 4 - 575 North Road,GABRIOLA ISLAND,V0R1X3
Page's Li'l Market,3350 Coast Road,Gabriola Island,V0R1x7
THE CORNER STORE,61 Georgeson Bay Road,Galiano Island,V0N1P0
Galiano Garage,14 Madrona Drive,Galiano Island,V0N1P0
Garden Bay Hotel Private Liquor Store (195389),4958 Lyons Rd,GARDEN BAY,V0N1S0
John Henry's General Store,4907 Pool Rd.,Garden Bay,V0N1S0
Sea To Sky Hotel (191578),40330 TANTALUS WAY,GARIBALDI HIGHLANDS,V0N1T0
Genelle General Store,502 12th Ave.,Genelle,V0G1G0
Gramma's Marine Inn (191099),412 Marine Dr,GIBSONS,V0N1V0
Black Fish Licensed Liquor Store  (195167),101 - 1100 Sunshine Coast Highway,GIBSONS,V0N1V7
Gillies Bay General Store,5150 Gillies Bay Road,Gillies Bay,V0N1W0
Valley General Store,14869 Lillooet-Pioneer Rd.,Gold Bridge,V0K1P0
Gold River Liquor Express (195459),4  390 Muchalat Drive,GOLD RIVER,V0P1G0
Mad Trapper Pub (191313),1203 9th St S,GOLDEN,V0A1H0
"Rocky Mountain Cold Beer, Wine & Spirits (Golden) (195276)",1049 Trans Canada Hwy N,GOLDEN,V0A1H0
Kicking Horse General Store,"1545 Kicking Horse Trail, PO Box 1584",Golden,V0A1H0
Goodlow Store,1606 Cecil Lake Road,Goodlow,V0C1S0
Liquor Store 'N' More (195346),1675 Central Avenue,GRAND FORKS,V0H1H0
Warfield Liquor Store (195388),6401 A Hwy 3,Grand Forks,V0H1H9
Granisle Resort Market & Gas,70 Hagen Street,Granisle,V0J1W0
Grasmere General Store,3335 Highway 93,Grasmere,V0B1R0
The Lakeview,14729 Hwy 3A,GRAY CREEK,V0B1S0
Mayberry Country Market,135 3rd Ave,Grindrod,V0E1Y0
Groundbirch General Store,8445 271 Road,Groundbirch,V0C1T0
Mountain Valley Organics,1926 Hwy 20 Box 233,Hagensborg,V0T1H0
WELCOME WOODS MARKET,7816 FAWN ROAD,HALFMOON BAY,V0N1Y1
Halfmoon Bay General Store,5642 Mintie Road,Halfmoon Bay,V7Z1E8
Secret Cove Marina,5411 Secret Cove Rd.,Halfmoon Bay,V0N1Y2
Old Settler Pub Licensed Liquor Store (195166),222 Cedar Avenue,HARRISON HOT SPRINGS,V0M1K0
Sasquatch Inn Licensed Liquor Store (195330),46001 LOUGHEED HWY,HARRISON MILLS,V0M1A0
The General Store,100 Strayhorse Road,Hedley,V0X1K0
The Hedley Country Market,897 Scott Avenue,Hedley,V0X1K0
Heriot Bay Tru-Value Foods,1536 West Rd,Heriot Bay ,V0P1H0
Four Way Ventures Ltd.,39126 Hwy 97 N,Hixon,V0K1S0
Hixon Race Trac Gas,39200 BC-97,Hixon,V0K1S0
Holberg Store,2 E Hardy Way,Holberg,V0N1Z0
Honeymoon Bay Food & General Store,10056 South Shore Road,Honeymoon Bay,V0R1Y0
Hope Licensed Liquor Store (195192),272 Wallace Street,HOPE,V0X1L0
Hope Liquor Store (195155),583 B Old Hope Princeton Way,HOPE,V0X1L4
Hope River General Store,28775 Trans Canada Hwy,Hope,V0X1L3
Sunshine Valley RV Resort & Cabins,14850 Alpine Blvd ,Hope,V0X1L5
Hornby Island Co-op,5875 Central Rd.,HORNBY ISLAND,V0R1Z0
Clarke's general store,5766 Horsefly Road,Horsefly,V0L1L0
IDYLWILD INN (193053),2800 YELLOWHEAD HWY,HOUSTON,V0J1Z0
Sportsman's Licensed Liquor Store (195170),10101 Beattie Drive,HUDSON'S HOPE,V0C1V0
Best Western Invermere Inn (191651),1310 7TH AVENUE,INVERMERE,V0A1K0
Invermere Liquor Store (195267),4860 Athalmer Road,INVERMERE,V0A1K3
Jaffray Pub Cold Beer & Wine Store  (195144),2359 Highway 3/93,JAFFRAY,V0B1T0
Twin Lake Market,1066 Hwy 3A,Kaleden,V0H1K0
Plaza Hotel (194895),405 VICTORIA ST,KAMLOOPS,V2C2A9
Big Daddy Liquors (195201),1821 Trans Canada Hwy E,KAMLOOPS,V2C3Z7
Bruno's Cold Beer and Wine Store (195247),2 - 177 Tranquille Road,KAMLOOPS,V2B3E8
Angry Otter Liquor @ Orchard Plaza (192022),#303 3200 Valleyview Drive,KAMLOOPS,V2C0H1
Angry Otter Liquor Store (192006),1380 Hillside Drive,KAMLOOPS,V2E2N1
Twisted Spirits on 3rd,437 3rd Ave,KAMLOOPS,V2C 2J5
Angry Otter Liquor Store (191636),8  2101 East Trans Canada Highway,KAMLOOPS,V2C4A6
WESTSYDER INN (192501),3369 WESTSYDE RD,KAMLOOPS,V2B7X5
Coast Kamloops Hotel & Conference Centre (194978),1250 Rogers Way,KAMLOOPS,V1S1N5
POGUE MAHONE (191545),843 DESMOND ST,KAMLOOPS,V2B5K3
Halston Beer Store (195093),1271 C Salish Road,KAMLOOPS,V2H1K1
Tumbleweeds Liquor Store (195402),5220 BOGETTI PL,KAMLOOPS,V2C4Y7
McCracken Station Liquor Store (195316),1626 VALLEYVIEW DR,KAMLOOPS,V2C4B5
Specialty Liquor Store (195395),225 - 450 Lansdowne Street,KAMLOOPS,V2C1Y3
Angry Otter Liquor Store (195317),780 Windsor Avenue,KAMLOOPS,V2B2B6
Sahali Liquor Store (195221),100 - 945 Columbia St W,KAMLOOPS,V2C1L5
Rock'N Firkin Liquor Store (195368),726 Sydney Avenue,KAMLOOPS,V2B1M9
U District Liquor Store (195460),105 - 795 McGill Road,KAMLOOPS,V2C0B9
Rayleigh Plaza Liquor Store (195338),4309 Old Yellowhead Highway,KAMLOOPS,V2H1N4
Stag's Head Liquor Store (195262),402 - 1801 Princeton - Kamloops Hwy,KAMLOOPS,V2E2J7
Brock Centre Liquor Store (195207),1 - 1800 Tranquille Road,KAMLOOPS,V2B3L9
Starters Liquor Store (195406),3020 Westsyde Road,KAMLOOPS,V2B7G2
Jimmy's Liquor Store (195462),490 Paul Lake Road,KAMLOOPS,V2H1J8
Happy Valley Foods,6221 Barnhartvale Rd,Kamloops,V2C6V6
Heffley Creek Store,7060 Old Highway 5,Kamloops,V2H0B6
Dallas Park Agency Store,5150 Dallas Drive,Kamloops,V2C6K6
"St. Joseph's Christian Book, Gift & Church Supply",256 Nicola Street,KAMLOOPS,V2C2P3
Wines of British Columbia (302886),1210 Summit Drive,KAMLOOPS,V2C6M1
Public Liquor (195332),301 1750 Pier Mac Way,Kelowna,V1V3E7
Moonlight Liquor Store (195430),2  4600 Lakeshore Drive,Kelowna,V1Y6L7
Berezan Liquor Store (Kelowna) (192998),200 - 210 Highway 33 West,Kelowna,V1X2A1
Mission Liquor Store (193319),3195 Lakeshore Road,Kelowna,V1W3S9
Kettle Valley Liquor Store  (191974),104 5315 Main St,Kelowna,V1W4V3
Angry Otter Liquor Store (192261),15 - 590 Highway 33 W,Kelowna,V1X6A8
On the Rocks,Pad D - 1500 Banks Road,Kelowna,V1X4J1
Packing House (192881),663 Finns Rd,Kelowna,V1X5B7
"Cap's Cold Beer, Wine and Liquor Store (192808)",1171 Harvey Ave,Kelowna,V1Y6E8
The Short Stop Cold Beer and Wine Store (191628),2170 HARVEY AVE,Kelowna,V1Y6G8
MCCULLOCH STATION LIQUOR STORE (193277),2789 K.L.O.  RD,Kelowna,V1W4A6
O'Flannigan's Liquor Store (193228),319 Queensway Ave,Kelowna,V1Y8E6
CREEKSIDE PUB RESTAURANT & COLD BEER & WINE STORE (192014),3929 LAKESHORE RD,Kelowna,V1W1V3
Black Mountain Liquor Store (191040),2040 Joe Riche Road,Kelowna,V1P1G7
The Crossings Liquor Store (195241),102- 1789 K.L.O. Road,Kelowna,V1W3P3
Brandt's Creek Liquor Store,102-1940 Kane Rd,Kelowna,V1V2J9
Urban Liquor Store (195147),1171 1191 Gordon Drive,Kelowna,V1Y3E5
ARC Liquor  (195359),1973 Harvey Avenue,Kelowna,V1Y6G5
Franco's Liquor Store,105-975 Academy Way,Kelowna,V1V3C8
Angry Otter Liquor Store  (195210),150- 525 Hwy 97 S,Kelowna,V1Z4C9
Wine and Beyond Dilworth (195172),Unit 510 2339 Hwy 97N,Kelowna,V1X7C6
ARC Liquor,111-1924 Summit Drive,Kelowna,V1V3E9
ARC Liquor Store (195259),106  2395 Gordon Drive,Kelowna,V1W3X7
Reid's Corner Liquor Store  (195233),103 - 3699 Hwy 97 North,Kelowna,V1X5C3
Pond's Liquor Store (195371),1050 Frost Road,Kelowna,V1W4P1
The Cask and Barrel Liquor Store (195386),107 - 1135 Stevens Road,Kelowna,V1Z2S8
O.K. Corral Cold Beer Liquor Store (195256),1978 KIRSCHNER RD,KELOWNA,V1Y4N6
Metro Liquor (Train Station) (195298),1175 Ellis St,Kelowna,V1Y1Z5
Commerce Liquor Store (195197),107/108/109 1677 Commerce Ave,Kelowna,V1X8A9
La Casa Market & Liquor,6808 Westside Rd N,Kelowna,V1Z3R8
Okanagan Estate Wine Cellars (302906),#8 - 5533 Kelowna Airport,Kelowna,V1V1S1
Loaves and Fishes,591 Lawrence Ave,Kelowna,V1Y6L8
Illichmann's Sausage & Deli,1937 Gordon Avenue,Kelowna,V1Y3H8
Wines of British Columbia (302875),3175 Lakeshore Road,Kelowna,V1W3S9
Wines of British Columbia  (302891),101 - 1876 Cooper Road,Kelowna,V1Y9N6
Your Independent Grocer,1835 Gordon Dr,Kelowna,V1Y3H4
Real Canadian Superstore (307645),2280 Baron Rd,Kelowna,V1X7W3
The Sully Liquor Store (191321),400 Ross St,KIMBERLEY,V1A2C6
WEE GEORDIE'S PUB & BEER STORE (192576),178 NECHAKO CENTER,Kitimat,V8C1M8
Big Jim's Spirits Store (195342),225  276 City Centre,KITIMAT,V8C1T6
"Inland Gifts, Liquor & Beer (195372)",874 TSIMSHIAN BLVD,Kitimat,V8C1T5
Meziadin Junction General Store,PO BOX 59,Kitwanga,V0J2A0
Koocanusa Village Marina Store,1767 Marina Point Road,Koocanusa-West,V0B1T5
Lac La Hache Food Mart,3989 Highway 97,Lac La Hache,V0K1T0
Timberland Pub (192790),1680 Timberlands Rd,LADYSMITH,V9G1K3
Mid Island Liquor,1010  1st Ave,LADYSMITH,V0R2E0
Oyster Bay Liquor Store  (195472),101-12590 Trans Canada Hwy,LADYSMITH,V9G1M5
Woody's Cold Beer and Wine Store (191248),9882 Hwy 97,LAKE COUNTRY,V4V1V7
"Lake Country Cold Beer, Wine & Spirits (195274)",72  9522 Main Street,LAKE COUNTRY,V4V2L9
TBC Liquor Merchants (195434),11850 Oceola Road,LAKE COUNTRY,V4V1H1
Best Buy Liquor Store (Lake Cowichan) (193400),56 North Shore Rd,LAKE COWICHAN,V0R2G0
Glen Lake Liquor & More,2668 Sooke Rd,LANGFORD,V9B1Y6
The Liquor Co. 1977,117 737 Goldstream Ave,LANGFORD,V9B2X4
Liquor Planet II (195143),2792 Peatt Rd,LANGFORD,V9B3V3
Ma Miller's Licensed Liquor Store (195171),2903 Sooke Lake Road,LANGFORD,V9B4R4
Cascadia Liquor,975 Langford Parkway,LANGFORD,V9B0A5
Everything Wine  (302894),131 - 2401C Millstream Road,LANGFORD,V9B3R5
B Liquor Store,8399  200 Street,LANGLEY,V2Y3C2
Shark Club Beer Wine Spirits,8855 - 202nd Street,LANGLEY,V1M2N9
B Liquor Store (192428),100-19665 Willowbrook Drive,LANGLEY,V2Y1A5
Liquor for Less.com - 216 & Fraser HWY. (192212),100-21615 Fraser Highway,LANGLEY,V3A4H1
Town Centre Liquor Store  (191032),A110- 20678 Willoughby Town Centre Dr,LANGLEY,V2Y0L7
JIMY MAC'S (192105),19935 96TH AVE,LANGLEY,V1M3C7
Artful Dodger Liquor Store (191594),2364 200th St,LANGLEY,V2Z1W9
Valley Centre Liquor Store (193251),#101 - 20151 Fraser Highway,LANGLEY,V3A3Y5
Langley Liquor Store (192162),27 - 20821 Fraser Highway,LANGLEY,V3A4G7
Riders Beer & Wine Store (192584),4143  208 St,LANGLEY,V3A2H3
Murrayville Liquor Store (195091),101 - 22071  48A Ave,LANGLEY,V3A8G3
Township Liquor Store (195217),Unit D 26426 56 Ave,Langley,V4W3Z3
Tag Liquor Store,4010 200 Street,Langley,V3A1K7
Walnut Grove Liquor Store (195313),20470 88 Ave,LANGLEY,V1M2Y6
Glover Liquor Store  (195310),102-6808 216 St,LANGLEY,V2Y1S6
Willoughby Liquor Store (195283),140 20826 72nd Avenue,Langley,V2Y3J5
Jericho Corner Liquor Store  (195448),240-7150 200th Street,LANGLEY,V2Y3C2
Langley Liquor Warehouse (195415),20650 Langley By-Pass,LANGLEY,V3A0A3
Holy Family Catholic Gift and Bookstore,20787 Fraser Hwy,LANGLEY,V3A4G4
Everything Wine (302902),100 - 19868 Langley Bypass,LANGLEY,V3A4Y1
Real Canadian Superstore (307284),19851 Willowbrook Dr,LANGLEY,V2Y1A7
Wines of British Columbia (302967),20151 Fraser Hwy,LANGLEY,V3A4E4
Mid Island Liquor,7197 Lantzville Rd,LANTZVILLE,V0R2H0
Likely General Store,5007 Likely Street,Likely,V0L1N0
REYNOLDS HOTEL (191784),1237 Main St,LILLOOET,V0K1V0
Lions Bay General Store & Cafï¿½,350 Centre Road,Lions Bay,V0N2E0
Jim's Food Markets,9844 Hwy 5,Little Fort,V0E2C0
"Logan Lake Cold Beer, Wine & Liquor Store (195238)",111 Chartrand Avenue,LOGAN LAKE,V0K1W0
General Store,6017 HWY 24,LONE BUTTE,V0K1X0
CANCO 103- Interlake,7241 Corners Frontage Rd,LONE BUTTE,V0K1X1
Sharidan Lake Market,7516 Sheridan Frontage Rd,Lone Butte,V0K1X1
Aberdeen Inn Licensed Liquor Store (195142),2319 Aberdeen Road,LOWER NICOLA,V0K1Y0
Lumby Hotel (192824),2004 SHUSWAP AVE,LUMBY,V0E2G0
The Stockpile Market,1436 HWY 101,LUND,V0N2G0
Lytton AG Market,224 Main Street,Lytton,V0K1Z0
CBW (194440),403 MACKENZIE BLVD,MACKENZIE,V0J2C0
Harbour Liquor Store (195168),12671 Sunshine Coast Highway,MADEIRA PARK,V0N2H0
MALAKWA SUPERMARKET,4270 Oxbow Frontage Road,Malakwa,V0E2J0
Country Store,7500 Highway 3,Manning Park,V0X1L0
Cortes Market,809 Sutil Point Road,Manson's Landing,V0P1K0
Witch of Endor LRS (191453),22648 Dewdney Trunk Rd,MAPLE RIDGE,V2X3J9
Dartfords Liquor Store (193293),11232 Dartford St,MAPLE RIDGE,V2X1V1
Kanaka Creek Liquor Store (192410),11225 240th St,MAPLE RIDGE,V2W0J1
HANEY MOTOR HOTEL (194234),22222 LOUGHEED HWY,MAPLE RIDGE,V2X2T2
The Office Liquor Store (191602),21525 Dewdney Trunk Rd,MAPLE RIDGE,V2X3G5
Cassidy Inn Licensed Liquor Store  (195148),103 - 24133 102nd Avenue,MAPLE RIDGE,V2W2C6
Ridgeway Beer Wine Spirits (195498),21280 Lougheed Highway,MAPLE RIDGE,V2X2R7
Westgate Liquor Store,160- 20398 Dewdney Trunk Rd,MAPLE RIDGE,V2X5E3
Maple Ridge Liquor Store (195307),20690 Lougheed Hwy,MAPLE RIDGE,V2X2P8
Black Sheep Pub Liquor Store (195439),12968 232 Street,MAPLE RIDGE,V2X6V2
Outpost Liquor Store (The) (195413),23988 Dewdney Trunk Road,MAPLE RIDGE,V4R1W2
Wines of British Columbia (302879),22703 Lougheed Highway,MAPLE RIDGE,V2X2V5
Mara Foodliner,7702 Hwy 97A,Mara,V0E2K0
Miners Bay Trading Post,413 Fernhill Road,Mayne Island,V0N2J2
Mcleese Lake General Store,6564 Hwy 97 N,Mcleese Lake,V0L1P0
McLeod Lake General Store,47265 Hart Hwy General Delivary,McLeod Lake,V0J2G0
Meadow Creek Store,13312 Hwy 31,Meadow Creek,V0G1N0
The Olde Barley Market (194846),1975 Quilchena Ave,MERRITT,V1K1B8
CW Liquor Merritt (192113),2350 Voght St,MERRITT,V1K1B8
Merritt Liquor Store (195466),3623 DeWolf Way,MERRITT,V1K1C4
Merville General Store,6635 North Island Highway,Merville,V0R2M0
McMynn Family Foods,630 Florance St,Midway,V0H1M0
Voyage Liquor Merchants (195365),108 & 109 2690 Mill Bay Rd,MILL BAY,V0R2P0
Spirits of Silverdale Liquor Store 195357,Unit B101 - 29560 Lougheed Hwy,MISSION,V8J1A4
City Hall Liquor Store (192295),A16- 7871 Stave Lake St,MISSION,V2V1B5
Cedar Valley Liquor Store  (194663),103 8778 Cedar St,MISSION,V4S1A3
Jack's Liquor Store (193483),35007 Lougheed Hwy,Mission,V2V6T1
Mission Springs Liquor Store (192279),7160 Oliver St,MISSION,V2V6K5
JAK's Beer Wine Spirits,352 32555 London Avenue,MISSION,V2V6M7
14th Ave Pub Beer Wine & Liquor Store (195249),32516 14th Ave,MISSION,V2V2N7
Sisto's River City Liquor Store (195293),33395 First Avenue,MISSION,V2V1G9
Wines of British Columbia - Mission,32555 London Avenue,MISSION,V2V6M7
Real Canadian Superstore  (307647),32136 Lougheed Hwy,MISSION,V2V1A4
Monte Lake Store,3897 Hwy 97 South,Monte Lake,V0E2N0
Tempo Montrose,660-10 Ave,Montrose,V0G1P0
Mount Washington General Store,#1 Strathcona Parkway,Mount washington,V9J1L0
MOYIE GENERAL STORE ,9332 Front Street,Moyie,V0B2A0
The Lodge Liquor Store (195375),515 Broadway St,NAKUSP,V0G1R0
Wheatsheaf Inn (191867),1866 CEDAR RD,NANAIMO,V9X1L7
Jingle Pot Best Buy Liquor Store (191271),2211 Jingle Pot Road,NANAIMO,V9R6T9
Greenrock Liquor Store (193004),1850 Dufferin Crescent,NANAIMO,V9S5N3
Nanaimo Liquor Plus (193103),Unit #3  508 8th Street,NANAIMO,V9R1B4
Mid Island Liquor,514 Haliburton St,NANAIMO,V9R4W2
The Landing Liquor Store (192238),120 - 2000 Island Hwy,NANAIMO,V9S5W3
Wellington Pub Beer & Wine Store,3956 VICTORIA AVE,NANAIMO,V9T2A2
Landlubber Licensed Liquor Store (195109),14  2220 Bowen Road,NANAIMO,V9S1H9
Quarterway Licensed Liquor Store (195216),1431 Bowen Road,NANAIMO,V9S1G4
Licensed Liquor Store (Rutherford Road) (195390),129  4750 Rutherford Road,NANAIMO,V9T4K6
Best Buy Liquor Store (195098),1594 MacMillan Road,NANAIMO,V9X1L9
Mid Island Liquor (195152),2875 Departure Bay Road,NANAIMO,V9S3X1
Lucky's Liquor Store (195503),3296 Island Highway North,NANAIMO,V9T1W1
Mid Island Liquor,"Building D, 6950 Island Hwy N",NANAIMO,V9R1W3
Bold n Cold Liquor Store,6201 Blueback Road,Nanaimo,V9V1A8
The Liquor Co. 1977 (195436),278 Selby St,NANAIMO,V9R2R3
Northgate Liquor Store (195336),#1 - 6404 Metral Drive,NANAIMO,V9T2L8
GREENROCK LIQUOR STORE,5775 TURNER RD,NANAIMO,V9T6L8
Licensed Liquor Store (University Village) (195321),# 400 - 530  5th Street,NANAIMO,V9R1P1
Licensed Liquor Store (Island Hwy South) (195463),10  1273 Island Hwy South,NANAIMO,V9R7A4
Mid Island Liquor (195284),4700 Hammond Bay Road,NANAIMO,V9T5B1
Ruckledge Store,2199 Trans Canada Hwy,Nanaimo,V9X1S3
Cascadia Liquor,2 - 2451 Collins Crescent,NANOOSE BAY,V9P9J9
Arlington Licensed Liquor Store (195224),2414 Island Highway East,NANOOSE BAY,V9P9E2
Naramata Store,Box 207 225 Robinson Ave,Naramata,V0H1N0
Nelson Liquor Store (195297),157 - 1121 Lakeside Dr,NELSON,V1L5Z3
Hume Hotel (194838),422 Vernon Street,NELSON,V1L4E5
NEW GRAND HOTEL (191164),616 VERNON ST,NELSON,V1L4G1
Duhamel Store,2635 Greenwood Road,Nelson,V1L7A1
Kokanee Park Marina,5110 Hwy 3A,Nelson,V1L6N6
Taghum Stop,5644 Hwy 3A West,Nelson,V1L6Y3
28 Inn Beer & Wine Store (194853),4545 10th Avenue,NEW HAZELTON,V0J2J0
Brooklyn Liquor Store (195350),250 Columbia St,New Westminster,V3L1A6
Queens Motor Hotel (192766),1110 Ewen Ave,NEW WESTMINSTER,V3M5E4
VITI AT THE MET (195383),411 Columbia St,NEW WESTMINSTER,V3L1A9
Jak's Beer Wine & Spirits (192600),517 7th Street,NEW WESTMINSTER,V3M3L6
Sapperton Liquor Store (192667),444 E Columbia Street,NEW WESTMINSTER,V3L3X3
Royal Towers Hotel (191834),140 6th Street,NEW WESTMINSTER,V3L2Z9
Harbour Wine & Spirits Liquor Store (195097),104-810 Quayside Dr,NEW WESTMINSTER,V3M6B9
8st Liquor Store (195165),48 Eighth Street,NEW WESTMINSTER,V3M3N8
Queensborough Liquor Store (195433),T140 - 805 Boyd Street,NEW WESTMINSTER,V3M5X2
River's Reach Liquor Store (195314),320  6th St,NEW WESTMINSTER,V3L3A8
Liquor 20,812 - 20th Street,New Westminster,V3M4W6
Nimpo Lake Store,21140 Hwy 20,Nimpo Lake,V0L1R0
Sandown Liquor Store (#195212),#108 - 10330 McDonald Park Road,NORTH SAANICH,V8L5X7
Holiday Inn Hotel & Suites (195017),"700 Old Lillooet Road,",NORTH VANCOUVER,V7J2H5
Sailor Hagars Pub  (191891),221 West 1st Street,NORTH VANCOUVER,V7M1B3
JACK LONSDALE'S PUB (192535),127 - 1433 LONSDALE AVE,NORTH VANCOUVER,V7M2H9
QUEENS CROSS (193269),2989 LONSDALE AVE,NORTH VANCOUVER,V7N3J3
PEMBERTON STATION (191354),135 PEMBERTON AVE,NORTH VANCOUVER,V7P2R3
Dollarton Liquor Store (192543),100 - 2180 Dollarton Highway,NORTH VANCOUVER,V7H0B5
Toby's Liquor Store (193038),1520 Barrow Street,NORTH VANCOUVER,V7J1B7
Edgemont Liquor Store  (195302),106 & 107 3246 Connaught Crescent,NORTH VANCOUVER,V7R2V6
"Spirits of Mt. Seymour - Cold Beer, Wine, Liquor (195253)",D120  1133 Mount Seymour Rd,NORTH VANCOUVER,V7H2Y4
The Gull Liquor Store  (195408),900 - 333 Brooksbank Avenue,NORTH VANCOUVER,V7J3S8
Angry Otter Liquor (195292),1887 Marine Drive,NORTH VANCOUVER,V7P1V5
North Shore Liquor Shop (Lynn Valley) (195304),1262 Lynn Valley Road,NORTH VANCOUVER,V7J2A3
Liberty Wine Merchants (North Vancouver),126 13th Street,NORTH VANCOUVER,V7M2H7
Wines of British Columbia - Pemberton,1250 Marine Dr,NORTH VANCOUVER,V7P1T3
Everything Wine  (302893),998 Marine Drive,NORTH VANCOUVER,V7P3C4
MA Artisan Wine Shop  @ Lonsdale,#119 - 123 Carrie Cates Court,NORTH VANCOUVER,V7M3K7
Cork & Barrel Spirit Merchants (195240),118 - 2187 Oak Bay Ave,OAK BAY,V8R1G1
Falls Market,910 MAIN STREET,OKANAGAN FALLS,V0H1R0
Heritage Market,5109 9th Ave,Okanagan Falls,V0H1R0
Desert Country Liquor Store (194747),170 - 34017  97th St,Oliver,V0H1T0
Oliver Liquor Store (302903),B12 - 100 Enterprise Way,Oliver,V0H1T2
Great Estate Okanagan (302948),4856 Mariposa Road,Oliver,V0H1T0
Great Estate Okanagan (302949),4856 Mariposa Road,Oliver,V0H1T0
Sonora Spirits Co.,6201 45th Street,Osoyoos,V0H1V6
Owl Liquor Store (192923),7603 Spartan Drive,OSOYOOS,V0H1V0
Sage Licensed Liquor Store (195185),6403 Cottonwood Dr,OSOYOOS,V0H1V3
Oyama General Store,16020 Oyama Road,Oyama,V4V2E4
Panorama General Store ,2035 Panorama Drive,Panorama,V0A1T0
Mid Island Liquor Store,10-1209 Island Highway East,PARKSVILLE,V9P1R5
Mid Island Liquor,Unit 1 160 Corfield St,PARKSVILLE,V9P1T9
Cascadia Liquor,Unit 1 - 371 Alberni Highway,PARKSVILLE,V9K1L7
Mid Island Liquor,163 South Alberni Highway,PARKSVILLE,V9P1K3
Mid Island Liquor Store (195301),1401 Alberni Highway,PARKSVILLE,V9P2B8
Ocean Liquor Store (195490),491 East Island Highway,PARKSVILLE,V8W2C4
Wines of British Columbia (Parksville),818 West Island Highway,PARKSVILLE,V9P2B7
Twig & Berry Trading Co.,3392 HWY 95 S,PARSON,V0A1L0
Farmington General Store,5025 HWY 97,Peace River Regional District,V1G0J3
Peachland Private Liquor Store (195103),14 5500 Clements Cresent,PEACHLAND,V0H1X0
Sunnyside Market,5854 Beach Ave,Peachland,V0H1X7
Pemberton Hotel (194176),7423 Frontier Street,PEMBERTON,V0N2L0
Medicine Beach Liquor Store (192139),5827 Schooner Way,PENDER ISLAND,V0N2M1
Poets Cove Liquor Store (195379),9801 Spalding Road,PENDER ISLAND,V0N2M3
Government Street Liquor Store & Wine Shoppe (195446),1173 Government St,PENTICTON,V2A4V3
Three Gables Hotel (193061),360 Martin Street,PENTICTON,V2A5K4
Fairview Liquor Store  (191024),101- 1652 Fairview Rd,PENTICTON,V2A5C7
BARLEY MILL PUB RESTAURANT & BEER STORE (191859),2460 SKAHA LAKE RD,PENTICTON,V2A6E9
Skaha Lake Liquor Store (195158),3502 Skaha Lake Road,PENTICTON,V2A6G7
The Vault Liquor Merchants,201 Main Street,PENTICTON,V2A5B1
Angry Otter Liquor (195308),163 - 2111 Main Street,PENTICTON,V2A6W6
Last Call Liquor Store  (195328),2897 Skaha Lake Road,PENTICTON,V2A9B8
Angry Otter Liquor (Riverside),152 - 290 Riverside Drive,PENTICTON,V2A5Y5
BC Wine Information Centre,101 - 553 Vees Drive,PENTICTON,V2A8S3
Wines of British Columbia - 302881,#161 - 2111 Main Street,Penticton,V2A6W6
Pinantan General Store,2536 Harper Ranch Rd,Pinantan Lake,V0E3E1
Pink Mountain Campsite,Mile 143 Alaska Highway,PINK MOUNTAIN,V0C2B0
JOLLY COACHMAN (191362),19167 FORD RD,PITT MEADOWS,V3Y2B6
Ramada Inn and Suites (194986),19267 Lougheed Hwy,PITT MEADOWS,V3Y2J5
Lougheed Liquor Store (195230),13 - 19040 Lougheed Hwy,PITT MEADOWS,V3Y2N6
Hospitality Inn Licensed Liquor Store (192915),3835 Redford Street,PORT ALBERNI,V9Y3S2
Alberni District Liquor,5086 Johnston Road,PORT ALBERNI,V9Y5L7
Best Western Plus Barclay Hotel,4277 Stamp Ave,Port Alberni,V9Y7X8
West Wind Beer and Wine Store (194671),4940 Cherry Creek Rd,PORT ALBERNI,V9Y8E9
Alberni Liquor Store (191305),2970 Alberni Highway,PORT ALBERNI,V9Y8R3
"Cascadia Fine Wine, Spirits & Ales (195074)",2943 10th Avenue,PORT ALBERNI,V9Y2N5
King Edward Liquor Store  (195294),3684 3rd Avenue,PORT ALBERNI,V9Y4E8
Creekers Liquor Beer and Wine Store (195444),4850 BEAVER CREEK RD,PORT ALBERNI,V9Y7C8
Bayview Market,Box 282  91 Bayview Drive,Port Clements,V0T1R0
Shaughnessy Beer & Wine Store (191560),2099 Lougheed Hwy,PORT COQUITLAM,V3B1A8
Fremont Liquor Store  (191685),140 - 855 Village Drive (Building V1),PORT COQUITLAM,V3B0G9
Samz Liquor Store (Port Coquitlam) (195487),2342 Elgin Avenue,PORT COQUITLAM,V3C2B5
Select Liquor Store (195485),1760 Kingsway,PORT COQUITLAM,V3C1S5
Arms Beer Wine & Liquor Store (195353),3255 Coast Meridian Road,PORT COQUITLAM,V3C3N3
Gillnetter Pub Liquor Store (195348),1864 Argue Street,PORT COQUITLAM,V3C5K4
PORT HARDY AIRPORT INN (193087),4030 Byng Rd,PORT HARDY,V0N2P0
I.V.'s Beer & Wine Store (195356),6555 Hardy Bay Road,PORT HARDY,V0N2P0
HAIDA WAY MOTOR INN (192352),1817 CAMPBELL WAY,PORT MCNEILL,V0N2R0
Dalewood Inn Beer & Wine (195315),1703 Broughton Blvd,PORT MCNEILL,V0N2R0
Lively Liquor Store,3224 St  John's St,PORT MOODY,V3H2C9
Port Moody Liquor Store (194796),4 - 2929 St. Johns St,PORT MOODY,V3H2C2
Coastal Spirits & Wine,2414 St. John's Street,PORT MOODY,V3H2B1
Newport Liquor Merchants (195329),215 A Newport Drive,PORT MOODY,V3H5C9
San Juan Market,17015 Parkinson Road,Port Renfrew,V0S1K0
The Liquor Box (195112),5102 50th Avenue,POUCE COUPE,V0C2C0
Capone's Cellar (191586),101 - 7010 Duncan Street,POWELL RIVER,V8A5A1
"Westview Beer, Wine & Spirits (193046)",4675 Ontario Ave.,POWELL RIVER,V8A5B9
The Old Mill Beer & Wine (194903),6251 Yew Street,POWELL RIVER,V8A4J9
BEACH GARDENS RESORT HOTEL (193426),7074 WESTMINSTER ST,POWELL RIVER,V8A1C5
Duke's Liquor Store (195159),7 - 4493 Marine Avenue,POWELL RIVER,V8A3K3
Cranberry Liquor Store,5728 Manson Ave,Powell River,V8A3R8
Black Point Store,9939 Hwy101,POWELL RIVER,V8A0K1
Lang Bay Store,2365 Lang Bay Road,Powell River,V8A5C1
Liquor on the Hart (195473),4327 Nordic Drive,Prince George,V2K3B2
Hart Wholesale Liquor Store,6055 Monterey Road,Prince George,V2K4E1
Noble Spirits Liquor Store (191172),222/220 - 100 Tabor Blvd S,Prince George,V2M5T4
Liquor Warehouse Foothills (191123),4182 15th Ave,Prince George,V2M1V8
River Point Liquor Store,2324  2150 Ferry Ave,Prince George,V2N0B1
Costless Liquor Store (192774),2626 Vance Rd,Prince George,V2N7N7
Northwood Liquor Store (191198),2280 Hart Hwy,PRINCE GEORGE,V2K2X8
Eastway Liquor Box (191818),1836 Boundary Road,Prince George,V2N2H8
Liquor at the Ramada (194721),444 George St,Prince George,V2L1R6
Bonnet Liquor Store  (194960),6957 Giscome Road,Prince George,V2N6T5
FIRST LITRE (191438),1724 STRATHCONA AVE,Prince George,V2L4E8
BX PUB (193442),433 CARNEY ST,Prince George,V2M2K4
Southway Liquor,9912 Sintich Rd,Prince George,V2N6C9
CHL Liquor (195229),112 - 6333 Southridge Ave,Prince George,V2N4R5
Queensway Liquor Store  (195311),1933 Queensway Ave.,Prince George,V2L1M1
Liquor Warehouse,1512 12th Ave,PRINCE GEORGE,V2L2L2
10th on Central Liquor Store (195400),1073 Central Street W,PRINCE GEORGE,V2M3C9
Liquor on 5th (195443),460 Ospika Boulevard,Prince George,V2M3R3
Beaverley Liquor Store (195260),11478 Carmel Drive,Prince George,V2N5B8
Bon Voyage Liquor Store (195279),118  4488 Hwy 16 West,Prince George,V2N6X6
Pineview Store,9820 Old Cariboo Hwy,Prince George,V2N5V2
Wines of British Columbia (Prince George),555 Central Street,Prince George,V2M3C6
Ave Maria Specialties,1638 20 AVE,Prince George,V2L4B6
11th Ave Liquor Store (195494),1352  11th Ave E,PRINCE RUPERT,V8J2X1
Belmont Liquor Store (191776),801 Second Ave West,PRINCE RUPERT,V8J1H6
Liquor Warehouse (191875),1125 Park Ave,PRINCE RUPERT,V8J1K2
Princeton Licensed Liquor Store (195154),199 Highway 3,PRINCETON,V0X1W0
Pritchard Station,4132 STEWART ROAD,PRITCHARD,V0E2P0
Procter General Store,7904 Railway Avenue,Procter ,V0G1V0
Crown and Anchor Beer and Wine Store (195404),6120 Island Hwy W,QUALICUM BEACH,V9K2E2
"Shady Rest Hotel Cold Beer, Wine & Spirits",3109 West Island Highway,QUALICUM BEACH,V9K2C5
Meadowood Store ,1221 Meadowood Way,Qualicum Beach,V9K2S4
Q Cove Tru Value Foods,658 Harper Rd,Quathiaski Cove,V0P1N0
Howlers Private Liquor Store,2600 3rd Ave,QUEEN CHARLOTTE CITY,V0T1S0
Cariboo Hotel,254 FRONT ST,QUESNEL,V2J2K2
South Quesnel Liquor Store (192527),2330 HYDRAULIC RD,QUESNEL,V2J4H2
Westside Liquor Market (195278),1 - 155 Malcolm Dr,QUESNEL,V2J3K2
Hilltop Liquor Store (195479),665 Newman Road,QUESNEL,V2J7A4
4 Mile Store and Coffee Shop,707 Barkerville Hwy,Quesnel,V2J6W4
Rocky's,2063 Blackwater rd,Quesnel,V2J7B4
Kersley General Store,4888 Edwards Rd,QUESNEL,V2J6L1
Radium Liquor Store (195272),7538 Main St. E,RADIUM HOT SPRINGS,V0A1M0
Refuge Cove General Store,General Delivery,Refuge Cove,V0P1P0
Cheers Liquor Store (192048),112 1st St E,REVELSTOKE,V0E2S0
Big Eddy Liquor Store (193160),2108 Big Eddy Road,REVELSTOKE,V0E3K0
Cheers Liquor Store (195366),1925 Laforme Blvd,REVELSTOKE,V0E2S0
Revelstoke Mountain Resort Liquor Store (195361),1219 2950 Camozzi Road,REVELSTOKE,V0E2S1
ARC Liquor Store (195349),"1701 Coursier Avenue, Unit 2102",Revelstoke,V0E2S3
Last Call Liquor Store (195273),110 Boyle Avenue,REVELSTOKE,V0E2S0
Steveston Hotel  (192634),115 - 12111 3rd Ave,RICHMOND,V7E3K1
Lansdowne Liquor World,868-5300 No. 3 Road,RICHMOND,V6X2X9
"Free Bird Beer, Wine & Spirits (195213)",5931 Alderbridge Way,RICHMOND,V6X3K3
Pioneers Pub  (191420),200 - 10111 No.3 Road,RICHMOND,V7A1W6
Richmond Liquor Store Merchants (193194),7551 Westminster Hwy,RICHMOND,V6X1A3
Lennox Liquor Store (193145),400 - 9100 Blundell Road,RICHMOND,V6Y3X9
JAK's Beer Wine Spirits (194127),"135/140, 8555 Sea Island Way",RICHMOND,V6X0A8
Tugboat Annie's Liquor Store (192402),2175 - 21000 Westminster Hwy,RICHMOND,V6W1H3
"Kingswood Pub Beer, Wine & Liquor Store (195156)",10 - 9371 No 5 Road,RICHMOND,V7A4E1
Cambie Plaza Liquor Store (195199),185- 11700 Cambie Rd,RICHMOND,V6X4A6
Lulu Island Liquor Store (195245),9291 Alderbridge Way,RICHMOND,V6X1L5
G D Liquor Store,1103  3211 Grant McConachie Way,Richmond,V7B1Y7
Legends Private Liquor Store (195102),105/110-3671 Westminster Hwy,RICHMOND,V7C5V2
O'Hare's Liquor Store (195214),5031 Steveston Highway,RICHMOND,V7E2K5
Bridgeport Liquor Store (195227),180 - 3031 Beckman Place,RICHMOND,V6X3R2
Liquor Town (195424),Unit 120 - 8180 Number 2 Road,RICHMOND,V7C5K1
Wines of British Columbia - Ironwood,3000 - 11666 Steveston Hwy,RICHMOND,V7A5J3
Riondel Market,1504 Eastman Ave,Riondel,V0B2B0
Roberts Creek General Store,"1042 Robert Creek Rd, P.O.Box 22",Roberts Creek,V0N2W0
Johnny's Grocery,2593 BROADWATER RD,ROBSON,V0G1X0
Rockcreek General Store,4105 HWY3,ROCK CREEK,V0H1Y0
Rolla Community Store,5195 Rolla Road,Rolla,V0C2G0
Bridal Falls Travel Centre,53560 BRIDAL FALLS ROAD,ROSEDALE,V0X1X0
Camperland RV Resort,53730 Bridal Falls Road,Rosedale,V0X1X1
Agency Liquor Store,52855 Yale Road East,Rosedale,V0X1X0
Rossland Fine Wine & Spirits (195169),1938 Columbia Avenue,ROSSLAND,V0G1Y0
Royston Mini Mart,3824 Hayward Ave,Royston,V0R2V0
MAUDE HUNTERS (193350),3810 SHELBOURNE ST,SAANICH,V8P4H5
The Liquor Co. 1977,104 3510 Blanshard Street,SAANICH,V8X1W3
Borden St. Liquor  (191339),4025 BORDEN ST,SAANICH,V8X2E8
The Liquor Co. 1977 (192394),9-4144 Wilkinson Road,SAANICH,V9A7J5
Wandering Bear Liquor Store,3366 DOUGLAS ST,SAANICH,V8Z3L3
The Liquor Co. 1977 (195455),166  3170 Tillicum Road,SAANICH,V9A7C5
"Bird Cold Beer, Wine & Spirits (195312)",4291 GLANFORD AVE,SAANICH,V8Z4B9
Liquor Plus (West Saanich Road) (195322),4468 West Saanich Road,SAANICH,V8Z3E9
Caddy Bay Liquor Store (195236),3837 Cadboro Bay Road,SAANICH,V8N4G1
Cascadia Liquor,101 - 3671 Uptown Boulevard,SAANICH,V8Z0B9
Gordo's Liquor Store,101  1660 Mackenzie Ave,SAANICH,V8N0A4
Liquor Plus (Quadra Ave) (195305),603-3991 Quadra Ave,SAANICH,V8X1J8
The Liquor Co. 1977  (195191),2134 Keating Cross Road,SAANICHTON,V8M2A6
PRAIRIE INN (193368),7806 E  SAANICH RD,SAANICHTON,V8M2B3
WADDLING DOG INN (194705),2476 Mount Newton Cross Rd,SAANICHTON,V8M2B8
"Silver Dollar Cold Beer, Wine & Spirits Store (195146)",115 4th Street,SALMO,V0G1Z0
DeMille's Liquor Coop (195094),"3710 10th Avenue, SW",Salmon Arm,V1E3K1
Salmon Arm Liquor Store (192550),111 Lakeshore Dr NE,SALMON ARM,V1E4N3
Setters Pub Liquor Store (195188),2950 11th Avenue Northeast,SALMON ARM,V1E2S3
Hideaway Pub Liquor Store (195222),973 Lakeshore Dr SW,SALMON ARM,V1E1E4
Silver Creek Store,948 Salmon River Rd,Salmon Arm,V1E3G3
Canco 237 Salmon Arm,5939 MELLOR FRONTAGE RD,SALMON ARM,V1E2R1
Upper Ganges Liquor Store (192782),378 Lower Ganges Road,SALT SPRING ISLAND,V8K2V7
Voyage Liquor Merchants (195153),133 Lower Ganges Road,SALT SPRING ISLAND,V8K2T2
Salt Spring Mercantile,2915 Fulford Ganges Road,Salt Spring Island,V8K1X6
SuperValu Sandspit,343 Alliford Bay Rd,Sandspit,V0T1T0
Saturna General Store ,101 Narvaez Bay Rd ,Saturna Island ,V0N2Y0
Savary Island General Store,2801   VANCOUVER BLVD,Savary Island,V0N2G0
Millers Crossing,7171 Trans Canada Highway,Savona,V0K2J0
Mid Island Liquor Store - Sayward (195108),1590 Sayward Road,SAYWARD,V0P1R0
Sayward Valley Resort,1546 Sayward Rd,Sayward,V0P1R0
Scotch Creek Market,3877 Squilax-Anglemont Rd.,Scotch Creek,V0E3L0
Liquor Store (Sechelt) (192956),Unit 5 - 4330 Sunshine Coast Highway,SECHELT,V0N3A1
Lighthouse Liquor Store (193707),Unit 2 - 5740 Teredo Street,SECHELT,V0N3A0
Daniels Store and Marina,1142 Seymour Arm Bay Road,Seymour Arm,V0E2V2
Black Swan Inn (191693),2890 Shawnigan Lake Road,SHAWNIGAN LAKE,V0R2W0
Brothers Liquor Store (191610),420 Main St,SICAMOUS,V0E2V0
Sea Store,"Haven Point North, Cinnamousun Narrows,",Sicamous,V0E2X1
Sidney Cold Beer & Wine Store (191677),2240 Beacon Avenue,SIDNEY,V8L1X1
Beacon Landing Licensed Liquor Store (193418),2537 Beacon Ave,SIDNEY,V8L1Y3
Canora Liquor Store,9429 Canora Road,SIDNEY,V8L1P2
Wines of British Columbia - Sidney,2345 Beacon Avenue,SIDNEY,V8L1W9
Slocan Village Market,519 Harold St,Slocan,V0G2C0
The Slocan Valley Co-operative Association,3024 Hwy 6,Slocan Park,V0G2E0
Twin Valley Inn Liquor Store,3939 YELLOWHEAD 16,SMITHERS,V0J2N0
Liquor Warehouse (195458),1114 Queen St,SMITHERS,V0J2N0
The Sointula Co-operative Store Association,175 First Street,Sointula,V0N3E0
SOOKE RIVER HOTEL (192253),6309 SOOKE RD,SOOKE,V0S1N0
17 Mile House Licensed Liquor Store (195193),5126 Sooke Road,SOOKE,V9C4C4
Buffy's Licensed Liquor Store (195173),6858 West Coast Road,SOOKE,V9Z0V2
Sorrento Village Grocer,1249 TRANS CANADA HWY,SORRENTO,V0E2W0
Balmoral Store,3107 Trans Canada Highway,Sorrento,V0E2W1
Silver Fox Pub (192519),614 Douglas Fir Rd,SPARWOOD,V0B2G0
Beeland Market & Bistro,976 Highway 95,Spillimacheen,V0A1P0
Eldorado Liquor Store (192246),37991  2nd Ave,SQUAMISH,V0N3G0
Mountain Retreat Liquor Store (195195),38922 Progress Way,SQUAMISH,V0N3G0
Squamish Liquor Store (195248),38241 Cleveland Ave,SQUAMISH,V8B0G8
Paradise Valley General Store,3520 Paradise Valley Road,Squamish,V0N1H0
Stuart Island Community Dock/Store/Post Office,General Delivery ,Stuart Island,V0P1V0
Sullivan Bay Marina,1 Market Street,Sullivan Bay,V0N3H0
Summerland Liquor Store (192188),4 - 7519 Prairie Valley Road,SUMMERLAND,V0H1Z0
Angry Otter Liquor at Peacock's Perch (195186),14216 Rosedale Avenue,SUMMERLAND,V0H1Z0
Trout Creek Liquor Store (195244),103 - 6011 Highway 97,SUMMERLAND,V0H1Z9
Sundance Liquor Store (195401),7 - 3250 Village Way,SUN PEAKS,V0E5N0
Liquor Store (195300),105-19228 96 AVE,SURREY,V4N4C1
Clover Crossing Liquor Store (191727),413 - 6466  176th St,SURREY,V3S4G3
Central City Brewers + Distillers Liquor Store,12922 115th Ave.,SURREY,V3R0E2
Liquor Mart - South Surrey (193392),1763 King George Boulevard,SURREY,V4A4Z9
Clayton Liquor Store (191719),1 - 18710 Fraser Highway,SURREY,V3S7Y4
Turf Hotel,12411 King George Blvd,SURREY,V3V3K3
Shooters Liquor Store (191404),138 - 2725 192nd Street,SURREY,V3W3E5
GREEN TIMBERS PUB (191800),9167 148TH ST,SURREY,V3R3W7
Liquor Landmark (191289),105/106C - 13631 80th Avenue,SURREY,V3W2C3
Angry Otter Liquor Store  (192097),701 - 15970 Fraser Hwy,SURREY,V4N0X8
Hook & Ladder Liquor Store (191529),8555  132nd Street,SURREY,V3W4N8
Angry Otter Liquor Store (191933),9500 120th Street,SURREY,V3V4C1
Jolly Mac's Beer & Wine Store (192865),14817  108 Ave,SURREY,V3R1W2
Guildford Station Pub (193301),10176  154th St,SURREY,V3R4J6
Northview Clayton Liquor Store (193210),105 & 106 - 18810 72 Ave,SURREY,V4N1M9
Angry Otter Liquor Store,12499 88 Ave,Surrey,V3W1P8
Bear Creek Liquor Store (192873),Unit 103 - 13588 88th Avenue,SURREY,V3W3K8
Surrey Central Liquor Store,13456 108th Avenue,SURREY,V3T2K1
Bottleworks Beer Wine Spirits Liquor Store,Units L1.4 and L1.5 9900 King George Boulevard,SURREY,V3T4Y3
B Liquor Store (192089),12911 96 Avenue,SURREY,V3V6V9
ROBIN HOOD (191735),13468 72ND AVE,SURREY,V3W2N8
Thirsty Moose Liquor Store (191446),14974 104th Ave,SURREY,V3R1M9
The Fin Liquor Store (192931),225 - 7115  138th Street,SURREY,V3W7T9
"Clydesdale Inn Beer, Wine & Liquor Store (195099)",17630 56th Avenue,SURREY,V3S1C5
Samz Liquor Store (195246),19580 56TH AVE,SURREY,V3S6K4
Fraser Heights Wine Cellar (195464),401/402 16033 108th Avenue,SURREY,V4N1P2
Cloverdale Station Liquor Store (195263),5858 176 St,SURREY,V3S4E2
Central City Liquor Store (195237),170 - 13450 102 Avenue,SURREY,V3T5X3
Bigridge Liquor Store (195204),103 15250 NO 10 (56 AVE) HWY,SURREY,V3S5K7
BDS Liquor Mart (195175),13975 - 13977 16th Avenue,SURREY,V4A1P8
Liquor Discounter  (195355),#3 - 9082 152nd Street,SURREY,V3R4E7
Sullivan Liquor Store,#102 - 14340 64th Avenue,SURREY,V3W1Z1
Liquor Discounter (195180),101- 14357 104th Ave,SURREY,V3R1Y1
Tudor Liquor Store (195403),3140 King George Blvd,SURREY,V4P1A2
North View Liquor Store (195432),103/104 16780 64 Avenue,SURREY,V3S3Y2
Brewster's Liquor Emporium (195196),700 - 7380 King George Hwy,SURREY,V3W5A5
Berezan LRS Surrey  (195497),304 - 6361 152nd Street,SURREY,V3S3K8
South Point Station Liquor Store (195341),3020 - 152 Street,SURREY,V4P3N7
Liquor Mart  (195426),104-12877 80th Avenue,SURREY,V3S4E9
Kelly's Liquor Store (195412),110-7218 KING GEORGE BLVD,SURREY,V3W5A5
72 Liquor Store,Unit 7 & 8: 14468 72 Avenue,Surrey,V3S2E6
Tidewaters Liquor Store,102A - 10216 128th Street,SURREY,V3T2Z3
Grandview Corners Liquor Store (195489),20  16051  24th Ave,SURREY,V3S0C8
Gateway Liquor Store (195376),10/11 - 358 175A St,SURREY,V3S6S7
Liquor 62 Liquor Store  (195367),6285 King George Boulevard,SURREY,V3X1G1
Peninsula Liquor Store (195437),"Unit 101, 15388  24th Avenue",SURREY,V4A2H9
Wines of British Columbia  (302876),9014 - 152 Street,SURREY,V3R4E7
Everything Wine (Surrey),112 - 15735 Croydon Drive,SURREY,V3S2L5
Wines of British Columbia  (302890),3033 - 152 Street,SURREY,V4P3K1
Wines of British Columbia (Surrey),1641 - 152nd Street,SURREY,V4A4N3
Real Canadian Superstore (307139),2322 160 St,SURREY,V3S9N6
TAHSIS SUPERMARKET,115 A ALPINE VEIW,TAHSIS,V0P1X0
Tappen Co-op,4828 Trans Canada Highway,Tappen,V0E2X0
Graham Inn,6421 Highway 20 - #2  Graham Access Road,Tatla Lake,V0L1V0
Taylor Inn (194689),10440 100th St,TAYLOR,V0C2K0
The General Store,1610 Telegraph Cove Road,Telegraph Cove,V0N2R0
Tyhee Market,1349 Highway 16,Telkwa,V0J2X1
Days Inn (192204),4620 Lakelse Ave,TERRACE,V8G1R1
Terrace Inn Liquor Store (195271),3005 Kalum Street,TERRACE,V8G4R6
Skeena Hotel (193244),4529 Greig Street,TERRACE,V8G1M6
Thetis Island Liquor Store (195277),46 Harbour Road,THETIS ISLAND,V0R2Y0
Northern Motor Inn (191388),3086 Highway 16 East,THORNHILL,V8G3N5
Crow's Nest Cafe & Country Store Ltd.,35770 Hwy 16 or Box 91,Tlell,V0T1Y0
"The Maq Cold Beer, Wine, and Spirits Store (192832)",120 1st Street,TOFINO,V0R2Z0
Grizzly Jim's General Store,21989 Hamlet Frontage Rd,Topley,V0J2Y0
BEST WESTERN TERRA NOVA HOTEL (194945),1001 ROSSLAND AVE,TRAIL,V1R3N7
Trout Lake General Store,5990 Highway 31,Trout Lake,V0G1R2
"Metro Liquor, Tsawwassen Commons (195082)",1828 - 4949 Canoe Pass Way,TSAWWASSEN,V4M0B2
Tulameen Trading Post,2600 OTTER AVE,Tulameen,V0X1W0
Tumbler Ridge Inn (192683),275 Southgate,TUMBLER RIDGE,V0C2W0
Ucluelet Liquor Store (195435),1786 Peninsula,UCLUELET,V0R3A0
Union Bay Market,5555 South Island Highway,Union Bay,V0R3B0
Liquor Store (195457),1485  5th Ave,VALEMOUNT,V0E2Z0
Texada Market,5105 Copper Queen Street,Van Anda,V0N3K0
Broadway International Wine Beer Spirits,2752 West Broadway,VANCOUVER,V6K2G4
Valueon Liquor Store (191925),1450 Marine Dr.,VANCOUVER,V6P5Z9
Viti Wine & Lagers (195343),900 SEYMOUR ST,VANCOUVER,V6B3L9
Kitsilano Cold Beer & Wine Store (195476),2289 West Broadway Avenue,VANCOUVER,V6K2E4
Viti Hastings  (193327),3519 East Hastings Street,VANCOUVER,V5K2A8
Marine Gateway Liquor Store (195218),460 SW Marine Drive,VANCOUVER,V5X0C4
Libations (195478),962 West King Edward Ave,VANCOUVER,V5Z2E2
West Coast Liquor Company (Fraser St) (195496),6295 Fraser St,VANCOUVER,V5W3A2
West Coast Liquor Store (195474),5503 - 5525 W Boulevard,VANCOUVER,V6M3W6
Eldorado Liquor Store  (192063),2310 Kingsway,VANCOUVER,V5R5G9
The Bottle Shop Liquor Store (191412),1489 East Hastings Street,VANCOUVER,V5L1S4
DARBY D. DAWES NEIGHBOURHOOD PUBLIC HOUSE (191792),2001 MacDonald Street,VANCOUVER,V6K3Y2
1933 Liquor Co  (191107),895 Great Northern Way,Vancouver,V5T4T5
Knight Street Liquor Store,1408 East 57th Ave,VANCOUVER,V5P2A9
Astoria (191222),769 East Hastings Street,VANCOUVER,V6A1R3
Bimini's Liquor Store,2018 4th Ave W,VANCOUVER,V6J1M9
Fraser Commons Liquor Co,733 Marine Dr SE,VANCOUVER,V5X2T9
Spirit of Howe Beer & Wine (194713),1275 Granville St,VANCOUVER,V6Z1M5
Fairview Cold Beer and Wine Store (194929),898 West Broadway,VANCOUVER,V5Z1J8
Princeton Hotel (194804),1901 Powell St,VANCOUVER,V5L1J2
Cedar Cottage Neighbourhood Liquor Store (195254),1299 Kingsway,VANCOUVER,V5V3E2
High Point Beer Wine Spirits (195384),2769 East Hastings St,VANCOUVER,V5K1Z8
Liquor 56,7219-7229 Main Street,VANCOUVER,V5X3J3
Sheraton Vancouver Fine Spirits (195198),1075 Hornby Street,VANCOUVER,V6Z2R9
St. Regis Fine Wines & Spirits (195456),30  678 Dunsmuir St,VANCOUVER,V6C3J3
JAK's Beer Wine Spirits (195286),4430 Dunbar Street,VANCOUVER,V6S2G5
Lennox Liquor Store (195324),1 - 555  12th Ave W,VANCOUVER,V5Z3X7
Crosstown Liquor Store (195470),568 Abbott Street,VANCOUVER,V6B6N7
Brewery Creek Beer and Wine Store (195378),3045 Main St,VANCOUVER,V5T3G6
JAK's Beer Wine Spirits (195219),1445  41St Ave E,VANCOUVER,V5P1J8
Coal Harbour Liquor Store (195427),1218 West Pender St,VANCOUVER,V6E2R1
Langara Liquor Landmark  (195265),551 West 57th Avenue,VANCOUVER,V6P1R8
Viti Broadway Liquor Store (195438),2410 Nanaimo Street,VANCOUVER,V5N5E4
Liquor Store (Vancouver) (195373),6542 Victoria Drive,VANCOUVER,V5P3X9
Parkway Liquor Store (195391),2136 Western Parkway,VANCOUVER,V6T2E4
Steamworks Licensee Retail Store (195211),375 Water Street,VANCOUVER,V6B5C6
Yaletown Liquor Store  (195450),1116  Hamilton Street,VANCOUVER,V6B2S2
Denman Beer Wine and Spirits  (195425),1060 Denman Street,VANCOUVER,V6G2M5
Broadway Liquor Store (195484),1169 Broadway W,VANCOUVER,V6H1G1
Sutton Place Wine Merchant (195467),855 Burrard St,VANCOUVER,V6Z2K6
New District Wine Beer Spirits (195475),5650 Dunbar St,VANCOUVER,V6N1W7
Partytime Liquor Store (Vancouver)  (195381),5701 Granville Street,VANCOUVER,V6M4J7
41st & Main Liquor Store,5679 Main Street,Vancouver,V5W0E2
Legacy Liquor Store (The) (195477),1633 Manitoba St,VANCOUVER,V5Y0B8
Everything Wine (195318),8570 River District Crossing,VANCOUVER,V5S4T4
Burrard Liquor Store (195505),2409 Burrard Street,VANCOUVER,V6J3J3
Liberty Wine Merchants (Commercial Drive) (195440),120-1622 Commercial Drive,VANCOUVER,V5L3Y4
Robson Wine Beer Spirits  (195407),433 Robson Street,VANCOUVER,V6B6L9
Mountain View Liquor Store (195493),4333 Fraser St,VANCOUVER,V5V4G4
JAK's Beer Wine Spirits (195488),2658 Granville St,VANCOUVER,V6H3H8
Angry Otter Liquor Store  (195486),3338 West Broadway,VANCOUVER,V6R2B2
Liberty Wines Merchants (10th Ave) (195418),4583 West 10th Ave,VANCOUVER,V6R2J2
1st Avenue Liquor Store (195502),243 - 2800 East 1st Avenue,VANCOUVER,V5M4P1
Angry Otter Liquor Store (195364),3415 Cambie Street,VANCOUVER,V5Z2W7
Liberty Wine Merchants (Granville Island) (195506),"1660 Johnston Street, Granville Island",VANCOUVER,V6H3S2
Tobys Pub & Grill,2733 Commercial Drive,VANCOUVER,V5N4C5
Angry Otter Liquor Store (302896),2239 W  4th Ave,VANCOUVER,V6K1N9
Okanagan Estates Wine Cellars  (302908),1811 West 1st Avenue,VANCOUVER,V6J5B8
The Marian Distributing Centre,2721 Main St.,VANCOUVER,V5T3E9
Marquis Wine Cellar,1034 Davie Street,VANCOUVER,V6E1M3
Liberty Wine Merchants (302899),510 West 8th Ave,Vancouver,V5Z1C5
Master Winery Agency Store,1441 Cartwright Street,VANCOUVER,V6H3R7
Corks 'N Candles,36 - 1610 Robson Street,VANCOUVER,V6G1C7
Okanagan Wine Cellars,3669 West 4th Avenue,Vancouver,V6R1P2
Homestead Inn & Suites (194697),190 W 1st St,VANDERHOOF,V0J3A0
Brookside Resort,55110 Highway 16 East,Vanderhoof,V0J3A3
Vernon Square Liquor Store (195290),300 - 4400 32nd Street,VERNON,V1T9H2
Squires Four Pub Liquor Store,6301 Stickle Rd,Vernon,V1B3R4
Angry Otter Liquor (192964),2922 - 30th Ave,Vernon,V1T2B7
Landing Liquor Store (191966),4513 25TH Ave.,VERNON,V1T1P5
Silver Star Liquor Store (195058),4803 Pleasant Valley Road,VERNON,V1B3L7
"Toro's Liquor, Beer & Wine Store (195161)",1220 Kalamalka Lake Road,VERNON,V1T6V2
Eastside Liquor Company (195162),4209  27th St,VERNON,V1T4Y3
Go Liquor Studio,Unit 13 - 100 Kalamalka Lake Road,Vernon,V1T7M2
ARC Liquor (195461),#200 - 2401  58th Ave,VERNON,V1T9T2
Sir Winston's Liquor Store (195189),2705 32nd Street,VERNON,V1T5L5
Lake Front Liquor Store (195399),7673 Okanagan Landing Rd,VERNON,V1H1G9
Liquor Warehouse,4900 24 St,VERNON,V1T4Z1
Commonage Market,101 - 301 Village Centre Place,Vernon,V1H1Y9
Lord Aberdeen Market,109-139 Main Street,Vernon,V1B3M1
Real Canadian Superstore (307166),5001 Anderson Way,VERNON,V1T9V1
Spinnakers Spirit Merchants Liquor Store (195209),130  176 Wilson Street,VICTORIA,V9A7N6
Buddy's Liquor Store (193095),123 Gorge Road E,Victoria,V9A1L1
Spinnakers Beer & Wine Merchants (195483),425 Simcoe Street,VICTORIA,V8V4T4
INN ON THE HARBOUR (193376),427 BELLEVILLE ST,VICTORIA,V8V1X3
Swans (193384),510 Pandora Avene,VICTORIA,V8W1N6
Shark Club Beer Wine Spirits (191370),2852 Douglas St,VICTORIA,V8T4M5
The Liquor Co. 1977 (192725),759 Yates Street,VICTORIA,V8W1L6
Vintage Spirits  (195111),1450 Douglas Street,VICTORIA,V8W2G1
"The Strath Ale, Wine & Spirit Merchants (195235)",919 DOUGLAS ST,VICTORIA,V8W2C2
Liquor Planet (195289),2317 Millstream Road,VICTORIA,V9B3R4
Liquor Plus (195228),133- 5325 Cordova Bay Rd,VICTORIA,V8Y2L3
"Logans Cold Beer, Wine & Liquor Store (195149)",1821 Cook Street,VICTORIA,V8T3P5
Cook St. Liquor  (195480),304 Cook Street,VICTORIA,V8V3X6
Vessel Liquor Store (195411),1609 Fort Street,VICTORIA,V8R1H8
Victoria's Private Liquor Store (195331),2020 Country Club Way,Victoria,V9B6R3
Hillside Liquor Store (195319),3201 Shelbourne Street,VICTORIA,V8P5G9
City Liquor Store (195268),101 - 1505 Admirals Road,VICTORIA,V9A2P8
Liquor Plus  (195469),2579 Cadboro Bay Road,VICTORIA,V8R5J2
Cascadia Liquor,2670 Fifth Street,Victoria,V8T5A8
Harris Green Liquor,930 View Street,VICTORIA,V8V3L5
"Cascadia Fine Wine, Spirits & Ales  (191479)",681 Allandale Road,Victoria,V9C0S2
Artisan Wine Shop,644 Broughton St,VICTORIA,V8W1C9
Real Canadian Superstore (307283),835 Langford Pkwy,VICTORIA,V9B4V5
The Liquor Co. 1977 (195351),498 Island Highway,VIEW ROYAL,V9B1H5
Cascadia Liquor,23 Helmcken Road,View Royal,V8Z5G5
Wasa Lake Gas & Food,6112 Wasa Lake Park Drive,Wasa,V0B2K0
Jack O Clubs General,12383 Barkerville hwy,Wells,V0K2R0
Whiski Jack's Pub (192972),2442 Drought Rd,West Kelowna,V4T1P7
Metro Liquor (191065),1751 Ross Rd,West Kelowna,V1Z3E7
Lakeview Liquor (193129),Unit 100 - 855 Anders Road,West Kelowna,V1Z1K2
Friends Licensed Liquor Store (195370),2210 Boucherie Road,West Kelowna,V1Z2E5
Angry Otter Liquor Store (195164),102  3000 Louie Drive,West Kelowna,V4T2P4
Grey Sage Liquor Store (195202),2961 Gorman Road,West Kelowna,V4T1H5
Neighbours Pub & Liquor (195205),3099 Shannon Lake Road,West Kelowna,V4T2M2
Angry Otter Liquor Store (195295),100  3645 Gosset Road,West Kelowna,V4T2N8
Save On Foods (307746),1 - 2475 Dobbin Rd,West Kelowna,V4T2E9
Horseshoe Bay Community Spirits  (195231),6406 Bruce Street,WEST VANCOUVER,V7W2G6
Retail Liquor Store (195101),220  16th St,WEST VANCOUVER,V7V3R5
Angry Otter Liquor (Dundarave) (195327),2477 Marine Dr,WEST VANCOUVER,V7V1L1
Village Liquor Store (195335),1C 900 Main St,WEST VANCOUVER,V7T2Z3
"Oceanside Liquor Store, Beer & Wine (195405)",104 - 100 Park Royal,WEST VANCOUVER,V7T1A2
Okanagan Estate Wine Cellar (302907),1650 Marine Dr,WEST VANCOUVER,V7V1J1
Real Canadian Superstore (307285),3020 Louie Dr,WESTBANK,V4T3E1
Fetch Panda,4807 Kamloops Vernon Hwy,Westwold,V0E3B1
Gorge Harbour Marina Resort,1374 Hunt Road,Whaletown,V0P1Z0
"Roland's Creekside Restaurant, Pub and Beer & Wine Store (194911)",2129 LAKE PLACID RD,WHISTLER,V0N1B0
GLACIER LODGE HOTEL (193467),1 - 4573 CHATEAU BLVD,WHISTLER,V0N1B4
Nester's Liquor Store  (193434),7017 Nesters Road,WHISTLER,V0N1B7
Whistler Liquor Store (195429),105 - 8200 Bear Paw Trail,WHISTLER,V8E1M2
Sandpiper Liquor Store (195291),1235 Johnston Road,WHITE ROCK,V4B3Y8
White Rock Licensed Liquor Store (195261),15144 North Bluff Road,WHITE ROCK,V4B3E5
Marine Drive Liquor Store (195282),15545/15547 Marine Dr,WHITE ROCK,V4B1C9
OVERLANDER MOTOR INN (191958),1118 LAKEVIEW CRES,WILLIAMS LAKE,V2G1A3
South Broadway Liquor Store (193491),1704 S Broadway,WILLIAMS LAKE,V2G2W4
Liquor Store (194655),300 - 1185 Prosperity Way,WILLIAMS LAKE,V2G0A6
Fraser Inn Beer & Wine Store (194937),245 Donald Road,WILLIAMS LAKE,V2G4K4
Comer Station (191701),3015 MacKenzie Ave N,WILLIAMS LAKE,V2G1P5
Mountview Handimart Husky,1124 Dog Creek Rd,Williams Lake,V2G3G7
Wildwood Foods,115 Hickory Road,Williams Lake,V2G4Z6
Willow River General Store,"Box 79, 488 Railway Ave",Willow River,V0J3C0
Windermere General,1671 Hwy 93/95,Windermere,V0B2L2
Winlaw Mini Mart,5722 Highway 6,Winlaw,V0G2J0
The Outpost at Winter Harbour,108 Winter Harbour Road,Winter Harbour,V0N3L0
Wonowon Petro- Canada,16960 Hwy 97 N,Wonowon,V0C2N0
Woss General Store,3001 Englewood Dr,Woss,V0N3P0
Wynndel Foods,5128 HWY 3A WYNNDEL BC V0B2N2,Wynndel,V0B2N2
Yahk General Store,9103 Hwy 3/95,Yahk,V0B2P0
2 Pump Paul's Gas and Snacks,8741 Highway 3 / 95,Yahk,V0B2P0
The JKL goods,7108 1st Ave.,Ymir,V0G2K0
Youbou General Store,10480 Youbou Road,Youbou,V0R3E1
Zeballos Store,182 Maquinna,Zeballos,V0P2A0
